{
  "session_id": "emb_20251004_024256",
  "start_time": 1759542176.5751321,
  "target_documents": 2500000,
  "batch_size": 500,
  "processed_count": 500,
  "successful_embeddings": 473,
  "failed_embeddings": 0,
  "skipped_documents": 27,
  "total_tokens": 16320,
  "total_cost_usd": 0.0003264,
  "last_processed_offset": 0,
  "processed_document_ids": [
    "UXSIrJkBuO5P75_3P4yr",
    "-lE8opkBuO5P75_37Sz4",
    "DVE8opkBuO5P75_37S34",
    "QlE7opkBuO5P75_3mig4",
    "B1E8opkBuO5P75_37S34",
    "D1E8opkBuO5P75_37S34",
    "eHSIrJkBuO5P75_3iI22",
    "FlE8opkBuO5P75_3aitJ",
    "-lE7opkBuO5P75_3SCYR",
    "iXSIrJkBuO5P75_3iI22",
    "QHSIrJkBuO5P75_3P4yr",
    "A1E8opkBuO5P75_3aitJ",
    "1lE8opkBuO5P75_37Sz4",
    "TnSIrJkBuO5P75_3P4yr",
    "fXSHrJkBuO5P75_32YoP",
    "K1E8opkBuO5P75_3aitJ",
    "G1E7opkBuO5P75_3mig4",
    "SlE7opkBuO5P75_3mig4",
    "xlE7opkBuO5P75_3SCYR",
    "aXSHrJkBuO5P75_32YoP",
    "1HSIrJkBuO5P75_3045C",
    "4lE7opkBuO5P75_3SCYR",
    "LFE7opkBuO5P75_3mig4",
    "11E7opkBuO5P75_3SCYR",
    "gnSHrJkBuO5P75_32YoP",
    "3nSIrJkBuO5P75_3045C",
    "AlE8opkBuO5P75_3aitJ",
    "8VE7opkBuO5P75_3SCYR",
    "AVE7opkBuO5P75_3SCcR",
    "7XSIrJkBuO5P75_3045C",
    "5XSIrJkBuO5P75_3045C",
    "TXSIrJkBuO5P75_3P4yr",
    "AlE7opkBuO5P75_3SCcR",
    "BFE8opkBuO5P75_3aitJ",
    "LlE8opkBuO5P75_3aitJ",
    "GVE7opkBuO5P75_3mig4",
    "CFE8opkBuO5P75_37S34",
    "2lE7opkBuO5P75_3SCYR",
    "jXSIrJkBuO5P75_3iI22",
    "R3SIrJkBuO5P75_3P4yr",
    "2nSIrJkBuO5P75_3045C",
    "ZHSHrJkBuO5P75_32YoP",
    "PHSIrJkBuO5P75_3P4yr",
    "91E8opkBuO5P75_37Sz4",
    "GFE8opkBuO5P75_3aitJ",
    "4HSIrJkBuO5P75_3045C",
    "AFE8opkBuO5P75_3aitJ",
    "c3SHrJkBuO5P75_32YoP",
    "2HSIrJkBuO5P75_3045C",
    "21E8opkBuO5P75_37Sz4",
    "KVE8opkBuO5P75_3aitJ",
    "7FE8opkBuO5P75_37Sz4",
    "4nSIrJkBuO5P75_3045C",
    "-FE7opkBuO5P75_3SCYR",
    "91E7opkBuO5P75_3SCYR",
    "hHSIrJkBuO5P75_3iI22",
    "dHSIrJkBuO5P75_3iI22",
    "hXSHrJkBuO5P75_32YoP",
    "BFE8opkBuO5P75_37S34",
    "cXSIrJkBuO5P75_3iI22",
    "yFE7opkBuO5P75_3SCYR",
    "dnSHrJkBuO5P75_32YoP",
    "J1E8opkBuO5P75_3aitJ",
    "F1E7opkBuO5P75_3mig4",
    "7VE8opkBuO5P75_37Sz4",
    "znSIrJkBuO5P75_3045C",
    "3FE8opkBuO5P75_37Sz4",
    "v3SIrJkBuO5P75_3045C",
    "ynSIrJkBuO5P75_3045C",
    "y1E7opkBuO5P75_3SCYR",
    "M1E7opkBuO5P75_3mig4",
    "lXSIrJkBuO5P75_3iI22",
    "JXSIrJkBuO5P75_3P4yr",
    "_1E8opkBuO5P75_37Sz4",
    "LFE8opkBuO5P75_3aitJ",
    "f3SIrJkBuO5P75_3iI22",
    "UlE7opkBuO5P75_3mig4",
    "mHSIrJkBuO5P75_3iI22",
    "xHSIrJkBuO5P75_3045C",
    "BVE8opkBuO5P75_3aitJ",
    "bnSHrJkBuO5P75_32YoP",
    "eXSHrJkBuO5P75_32YoP",
    "5lE7opkBuO5P75_3SCYR",
    "1XSIrJkBuO5P75_3045C",
    "oXSIrJkBuO5P75_3iI22",
    "iHSIrJkBuO5P75_3iI22",
    "6nSIrJkBuO5P75_3045C",
    "0lE8opkBuO5P75_37Sz4",
    "I1E8opkBuO5P75_3aitJ",
    "NVE8opkBuO5P75_3aitJ",
    "P3SIrJkBuO5P75_3P4yr",
    "9FE7opkBuO5P75_3SCYR",
    "6XSIrJkBuO5P75_3045C",
    "aHSHrJkBuO5P75_32YoP",
    "x3SIrJkBuO5P75_3045C",
    "UnSIrJkBuO5P75_3P4yr",
    "UVE7opkBuO5P75_3mig4",
    "WHSIrJkBuO5P75_3P4yr",
    "G1E8opkBuO5P75_3aitJ",
    "zVE7opkBuO5P75_3SCYR",
    "xVE7opkBuO5P75_3SCYR",
    "BVE7opkBuO5P75_3SCcR",
    "D1E8opkBuO5P75_3aitJ",
    "q9kukpUBuO5P75_3l_oT",
    "BVE8opkBuO5P75_37S34",
    "2lE8opkBuO5P75_37Sz4",
    "zFE7opkBuO5P75_3SCYR",
    "c3SIrJkBuO5P75_3iI22",
    "3FE7opkBuO5P75_3SCYR",
    "OFE7opkBuO5P75_3mig4",
    "FlE7opkBuO5P75_3mig4",
    "9lE8opkBuO5P75_37Sz4",
    "9VE7opkBuO5P75_3SCYR",
    "vnSIrJkBuO5P75_3045C",
    "S3SIrJkBuO5P75_3P4yr",
    "JlE7opkBuO5P75_3mig4",
    "A1E8opkBuO5P75_37S34",
    "_VE7opkBuO5P75_3SCYR",
    "N1E8opkBuO5P75_3aitJ",
    "RnSIrJkBuO5P75_3P4yr",
    "mXSIrJkBuO5P75_3iI22",
    "RXSIrJkBuO5P75_3P4yr",
    "fHSIrJkBuO5P75_3iI22",
    "Z3SHrJkBuO5P75_32YoP",
    "fXSIrJkBuO5P75_3iI22",
    "SXSIrJkBuO5P75_3P4yr",
    "9FE8opkBuO5P75_37Sz4",
    "61E7opkBuO5P75_3SCYR",
    "bHSHrJkBuO5P75_32YoP",
    "cHSHrJkBuO5P75_32YoP",
    "LHSIrJkBuO5P75_3P4yr",
    "pHSIrJkBuO5P75_3iI22",
    "hXSIrJkBuO5P75_3iI22",
    "7nSIrJkBuO5P75_3045C",
    "EVE8opkBuO5P75_37S34",
    "9VE8opkBuO5P75_37Sz4",
    "PXSIrJkBuO5P75_3P4yr",
    "MnSIrJkBuO5P75_3P4yr",
    "-1E7opkBuO5P75_3SCYR",
    "13SIrJkBuO5P75_3045C",
    "LXSIrJkBuO5P75_3P4yr",
    "NFE8opkBuO5P75_3aitJ",
    "knSIrJkBuO5P75_3iI22",
    "GlE7opkBuO5P75_3mig4",
    "81E8opkBuO5P75_37Sz4",
    "wXSIrJkBuO5P75_3045C",
    "03SIrJkBuO5P75_3045C",
    "dnSIrJkBuO5P75_3iI22",
    "2FE8opkBuO5P75_37Sz4",
    "_1E7opkBuO5P75_3SCYR",
    "h3SHrJkBuO5P75_32YoP",
    "SVE7opkBuO5P75_3mig4",
    "JlE8opkBuO5P75_3aitJ",
    "wHSIrJkBuO5P75_3045C",
    "b3SHrJkBuO5P75_32YoP",
    "cnSHrJkBuO5P75_32YoP",
    "KXSIrJkBuO5P75_3P4yr",
    "TlE7opkBuO5P75_3mig4",
    "DFE8opkBuO5P75_37S34",
    "NlE7opkBuO5P75_3mig4",
    "I1E7opkBuO5P75_3mig4",
    "enSHrJkBuO5P75_32YoP",
    "PVE7opkBuO5P75_3mig4",
    "l3SIrJkBuO5P75_3iI22",
    "pXSIrJkBuO5P75_3iI22",
    "-FE8opkBuO5P75_37Sz4",
    "bXSHrJkBuO5P75_32YoP",
    "41E7opkBuO5P75_3SCYR",
    "L1E8opkBuO5P75_3aitJ",
    "MVE8opkBuO5P75_3aitJ",
    "yHSIrJkBuO5P75_3045C",
    "IVE8opkBuO5P75_3aitJ",
    "a3SHrJkBuO5P75_32YoP",
    "KHSIrJkBuO5P75_3P4yr",
    "01E7opkBuO5P75_3SCYR",
    "DFE8opkBuO5P75_3aitJ",
    "0VE7opkBuO5P75_3SCYR",
    "K1E7opkBuO5P75_3mig4",
    "N3SIrJkBuO5P75_3P4yr",
    "E1E8opkBuO5P75_3aitJ",
    "2VE7opkBuO5P75_3SCYR",
    "gHSIrJkBuO5P75_3iI22",
    "d3SHrJkBuO5P75_32YoP",
    "LVE8opkBuO5P75_3aitJ",
    "51E7opkBuO5P75_3SCYR",
    "K3SIrJkBuO5P75_3P4yr",
    "IlE8opkBuO5P75_3aitJ",
    "WXSIrJkBuO5P75_3P4yr",
    "pnSIrJkBuO5P75_3iI22",
    "DVE8opkBuO5P75_3aitJ",
    "OnSIrJkBuO5P75_3P4yr",
    "DlE8opkBuO5P75_37S34",
    "JVE7opkBuO5P75_3mig4",
    "RlE7opkBuO5P75_3mig4",
    "IlE7opkBuO5P75_3mig4",
    "1nSIrJkBuO5P75_3045C",
    "61E8opkBuO5P75_37Sz4",
    "81E7opkBuO5P75_3SCYR",
    "6FE7opkBuO5P75_3SCYR",
    "33SIrJkBuO5P75_3045C",
    "j3SIrJkBuO5P75_3iI22",
    "KVE7opkBuO5P75_3mig4",
    "IFE8opkBuO5P75_3aitJ",
    "_1E8opkBuO5P75_3aipJ",
    "xFE7opkBuO5P75_3SCYR",
    "OlE7opkBuO5P75_3mig4",
    "5VE8opkBuO5P75_37Sz4",
    "ElE8opkBuO5P75_37S34",
    "InSIrJkBuO5P75_3P4yr",
    "CVE8opkBuO5P75_3aitJ",
    "31E7opkBuO5P75_3SCYR",
    "GFE7opkBuO5P75_3mig4",
    "4VE7opkBuO5P75_3SCYR",
    "9lE7opkBuO5P75_3SCYR",
    "M3SIrJkBuO5P75_3P4yr",
    "L1E7opkBuO5P75_3mig4",
    "hHSHrJkBuO5P75_32YoP",
    "HFE8opkBuO5P75_3aitJ",
    "VFE7opkBuO5P75_3mig4",
    "MVE7opkBuO5P75_3mig4",
    "HFE7opkBuO5P75_3mig4",
    "CFE8opkBuO5P75_3aitJ",
    "yXSIrJkBuO5P75_3045C",
    "TFE7opkBuO5P75_3mig4",
    "5HSIrJkBuO5P75_3045C",
    "-VE7opkBuO5P75_3SCYR",
    "g3SIrJkBuO5P75_3iI22",
    "4FE8opkBuO5P75_37Sz4",
    "23SIrJkBuO5P75_3045C",
    "Y3SHrJkBuO5P75_32YoP",
    "onSIrJkBuO5P75_3iI22",
    "xXSIrJkBuO5P75_3045C",
    "4XSIrJkBuO5P75_3045C",
    "_FE7opkBuO5P75_3SCYR",
    "I3SIrJkBuO5P75_3P4yr",
    "w3SIrJkBuO5P75_3045C",
    "1VE8opkBuO5P75_37Sz4",
    "XHSIrJkBuO5P75_3P4yr",
    "dXSIrJkBuO5P75_3iI22",
    "SnSIrJkBuO5P75_3P4yr",
    "6lE8opkBuO5P75_37Sz4",
    "63SIrJkBuO5P75_3045C",
    "FFE8opkBuO5P75_3aitJ",
    "H1E8opkBuO5P75_3aitJ",
    "6FE8opkBuO5P75_37Sz4",
    "O1E7opkBuO5P75_3mig4",
    "qHSIrJkBuO5P75_3iI22",
    "41E8opkBuO5P75_37Sz4",
    "enSIrJkBuO5P75_3iI22",
    "nnSIrJkBuO5P75_3iI22",
    "_lE8opkBuO5P75_3aipJ",
    "UFE7opkBuO5P75_3mig4",
    "NnSIrJkBuO5P75_3P4yr",
    "5nSIrJkBuO5P75_3045C",
    "J3SIrJkBuO5P75_3P4yr",
    "0XSIrJkBuO5P75_3045C",
    "1lE7opkBuO5P75_3SCYR",
    "71E8opkBuO5P75_37Sz4",
    "4VE8opkBuO5P75_37Sz4",
    "0HSIrJkBuO5P75_3045C",
    "KlE7opkBuO5P75_3mig4",
    "lHSIrJkBuO5P75_3iI22",
    "PlE7opkBuO5P75_3mig4",
    "QVE7opkBuO5P75_3mig4",
    "8FE8opkBuO5P75_37Sz4",
    "HVE7opkBuO5P75_3mig4",
    "A1E7opkBuO5P75_3SCcR",
    "6HSIrJkBuO5P75_3045C",
    "2FE7opkBuO5P75_3SCYR",
    "zHSIrJkBuO5P75_3045C",
    "gHSHrJkBuO5P75_32YoP",
    "VVE7opkBuO5P75_3mig4",
    "ClE8opkBuO5P75_3aitJ",
