{"timestamp": "2025-10-05T14:32:17.681319", "processed_count": 9087, "successful_count": 9087, "failed_count": 0, "total_tokens": 293154, "total_cost": 0.0058630800000000005, "processed_ids_count": 9087}