{"timestamp": "2025-10-05T03:16:35.751568", "processed_count": 1559095, "successful_count": 1559095, "failed_count": 0, "total_tokens": 52251259, "total_cost": 1.045025179999999, "processed_ids_count": 1559095}