{"timestamp": "2025-10-04T02:54:58.079355", "processed_count": 9937, "successful_count": 9937, "failed_count": 0, "total_tokens": 355736, "total_cost": 0.00711472, "processed_ids_count": 9937}