{"timestamp": "2025-10-05T20:41:10.697357", "processed_count": 725280, "successful_count": 725280, "failed_count": 0, "total_tokens": 23570131, "total_cost": 0.47140262000000027, "processed_ids_count": 725280}